<?xml version="1.0" encoding="UTF-8"?><rss version="2.0"
	xmlns:content="http://purl.org/rss/1.0/modules/content/"
	xmlns:dc="http://purl.org/dc/elements/1.1/"
	xmlns:atom="http://www.w3.org/2005/Atom"
	xmlns:sy="http://purl.org/rss/1.0/modules/syndication/"
	
	>
<channel>
	<title>
	Comments on: Harnessing the Power of Social Media for Business Growth	</title>
	<atom:link href="/2024/11/02/harnessing-the-power-of-social-media-for-business-growth/feed/" rel="self" type="application/rss+xml" />
	<link>/2024/11/02/harnessing-the-power-of-social-media-for-business-growth/</link>
	<description></description>
	<lastBuildDate>Sat, 02 Nov 2024 06:33:54 +0000</lastBuildDate>
	<sy:updatePeriod>
	hourly	</sy:updatePeriod>
	<sy:updateFrequency>
	1	</sy:updateFrequency>
	<generator>https://wordpress.org/?v=6.6.2</generator>
</channel>
</rss>
